'id';'Salary Grade';'Step Increment';'Salary';'Effectivity Date'
'1';'1';'1';'11551';'2020/1/1'
'2';'2';'1';'12276';'2020/1/1'
'3';'3';'1';'13019';'2020/1/1'
'4';'4';'1';'13807';'2020/1/1'
'5';'5';'1';'14641';'2020/1/1'
'6';'6';'1';'15524';'2020/1/1'
'7';'7';'1';'16458';'2020/1/1'
'8';'8';'1';'17505';'2020/1/1'
'9';'9';'1';'18763';'2020/1/1'
'10';'10';'1';'20219';'2020/1/1'
'11';'11';'1';'22316';'2020/1/1'
'12';'12';'1';'24495';'2020/1/1'
'13';'13';'1';'26754';'2020/1/1'
'14';'14';'1';'29277';'2020/1/1'
'15';'15';'1';'32053';'2020/1/1'
'16';'16';'1';'35106';'2020/1/1'
'17';'17';'1';'38464';'2020/1/1'
'18';'18';'1';'42159';'2020/1/1'
'19';'19';'1';'46791';'2020/1/1'
'20';'20';'1';'52703';'2020/1/1'
'21';'21';'1';'59353';'2020/1/1'
'22';'22';'1';'66867';'2020/1/1'
'23';'23';'1';'75359';'2020/1/1'
'24';'24';'1';'85074';'2020/1/1'
'25';'25';'1';'96985';'2020/1/1'
'26';'26';'1';'109593';'2020/1/1'
'27';'27';'1';'123839';'2020/1/1'
'28';'28';'1';'139939';'2020/1/1'
'29';'29';'1';'158131';'2020/1/1'
'30';'30';'1';'178688';'2020/1/1'
'31';'31';'1';'262965';'2020/1/1'
'32';'32';'1';'313512';'2020/1/1'
'33';'33';'1';'395858';'2020/1/1'
'34';'1';'2';'11647';'2020/1/1'
'35';'2';'2';'12369';'2020/1/1'
'36';'3';'2';'13119';'2020/1/1'
'37';'4';'2';'13914';'2020/1/1'
'38';'5';'2';'14754';'2020/1/1'
'39';'6';'2';'15643';'2020/1/1'
'40';'7';'2';'16585';'2020/1/1'
'41';'8';'2';'17663';'2020/1/1'
'42';'9';'2';'18920';'2020/1/1'
'43';'10';'2';'20388';'2020/1/1'
'44';'11';'2';'22600';'2020/1/1'
'45';'12';'2';'24779';'2020/1/1'
'46';'13';'2';'27067';'2020/1/1'
'47';'14';'2';'29621';'2020/1/1'
'48';'15';'2';'32431';'2020/1/1'
'49';'16';'2';'35522';'2020/1/1'
'50';'17';'2';'38922';'2020/1/1'
'51';'18';'2';'42662';'2020/1/1'
'52';'19';'2';'47530';'2020/1/1'
'53';'20';'2';'53537';'2020/1/1'
'54';'21';'2';'60296';'2020/1/1'
'55';'22';'2';'67933';'2020/1/1'
'56';'23';'2';'76563';'2020/1/1'
'57';'24';'2';'86462';'2020/1/1'
'58';'25';'2';'98568';'2020/1/1'
'59';'26';'2';'111381';'2020/1/1'
'60';'27';'2';'125861';'2020/1/1'
'61';'28';'2';'142223';'2020/1/1'
'62';'29';'2';'160712';'2020/1/1'
'63';'30';'2';'181604';'2020/1/1'
'64';'31';'2';'268101';'2020/1/1'
'65';'32';'2';'319835';'2020/1/1'
'66';'33';'2';'407734';'2020/1/1'
'67';'1';'3';'11745';'2020/1/1'
'68';'2';'3';'12464';'2020/1/1'
'69';'3';'3';'13220';'2020/1/1'
'70';'4';'3';'14020';'2020/1/1'
'71';'5';'3';'14867';'2020/1/1'
'72';'6';'3';'15763';'2020/1/1'
'73';'7';'3';'16713';'2020/1/1'
'74';'8';'3';'17823';'2020/1/1'
'75';'9';'3';'19078';'2020/1/1'
'76';'10';'3';'20558';'2020/1/1'
'77';'11';'3';'22889';'2020/1/1'
'78';'12';'3';'25067';'2020/1/1'
'79';'13';'3';'27383';'2020/1/1'
'80';'14';'3';'29969';'2020/1/1'
'81';'15';'3';'32814';'2020/1/1'
'82';'16';'3';'35943';'2020/1/1'
'83';'17';'3';'39385';'2020/1/1'
'84';'18';'3';'43172';'2020/1/1'
'85';'19';'3';'48281';'2020/1/1'
'86';'20';'3';'54386';'2020/1/1'
'87';'21';'3';'61255';'2020/1/1'
'88';'22';'3';'69017';'2020/1/1'
'89';'23';'3';'77788';'2020/1/1'
'90';'24';'3';'87874';'2020/1/1'
'91';'25';'3';'100176';'2020/1/1'
'92';'26';'3';'113200';'2020/1/1'
'93';'27';'3';'127915';'2020/1/1'
'94';'28';'3';'144544';'2020/1/1'
'95';'29';'3';'163335';'2020/1/1'
'96';'30';'3';'184568';'2020/1/1'
'97';'31';'3';'273338';'2020/1/1'
'98';'32';'3';'326285';'2020/1/1'
'99';'1';'4';'11843';'2020/1/1'
'100';'2';'4';'12560';'2020/1/1'
'101';'3';'4';'13322';'2020/1/1'
'102';'4';'4';'14128';'2020/1/1'
'103';'5';'4';'14981';'2020/1/1'
'104';'6';'4';'15884';'2020/1/1'
'105';'7';'4';'16841';'2020/1/1'
'106';'8';'4';'17984';'2020/1/1'
'107';'9';'4';'19238';'2020/1/1'
'108';'10';'4';'20731';'2020/1/1'
'109';'11';'4';'23181';'2020/1/1'
'110';'12';'4';'25358';'2020/1/1'
'111';'13';'4';'27703';'2020/1/1'
'112';'14';'4';'30322';'2020/1/1'
'113';'15';'4';'33202';'2020/1/1'
'114';'16';'4';'36369';'2020/1/1'
'115';'17';'4';'39854';'2020/1/1'
'116';'18';'4';'43687';'2020/1/1'
'117';'19';'4';'49044';'2020/1/1'
'118';'20';'4';'55248';'2020/1/1'
'119';'21';'4';'62229';'2020/1/1'
'120';'22';'4';'70118';'2020/1/1'
'121';'23';'4';'79034';'2020/1/1'
'122';'24';'4';'89308';'2020/1/1'
'123';'25';'4';'101811';'2020/1/1'
'124';'26';'4';'115047';'2020/1/1'
'125';'27';'4';'130003';'2020/1/1'
'126';'28';'4';'146903';'2020/1/1'
'127';'29';'4';'166001';'2020/1/1'
'128';'30';'4';'187581';'2020/1/1'
'129';'31';'4';'278676';'2020/1/1'
'130';'32';'4';'332865';'2020/1/1'
'131';'1';'5';'11942';'2020/1/1'
'132';'2';'5';'12657';'2020/1/1'
'133';'3';'5';'13424';'2020/1/1'
'134';'4';'5';'14236';'2020/1/1'
'135';'5';'5';'15096';'2020/1/1'
'136';'6';'5';'16007';'2020/1/1'
'137';'7';'5';'16970';'2020/1/1'
'138';'8';'5';'18146';'2020/1/1'
'139';'9';'5';'19399';'2020/1/1'
'140';'10';'5';'20903';'2020/1/1'
'141';'11';'5';'23477';'2020/1/1'
'142';'12';'5';'25653';'2020/1/1'
'143';'13';'5';'28028';'2020/1/1'
'144';'14';'5';'30678';'2020/1/1'
'145';'15';'5';'33594';'2020/1/1'
'146';'16';'5';'36801';'2020/1/1'
'147';'17';'5';'40329';'2020/1/1'
'148';'18';'5';'44210';'2020/1/1'
'149';'19';'5';'49820';'2020/1/1'
'150';'20';'5';'56125';'2020/1/1'
'151';'21';'5';'63220';'2020/1/1'
'152';'22';'5';'71237';'2020/1/1'
'153';'23';'5';'80324';'2020/1/1'
'154';'24';'5';'90766';'2020/1/1'
'155';'25';'5';'103473';'2020/1/1'
'156';'26';'5';'116925';'2020/1/1'
'157';'27';'5';'132125';'2020/1/1'
'158';'28';'5';'149300';'2020/1/1'
'159';'29';'5';'168710';'2020/1/1'
'160';'30';'5';'190642';'2020/1/1'
'161';'31';'5';'284120';'2020/1/1'
'162';'32';'5';'339577';'2020/1/1'
'163';'1';'6';'12042';'2020/1/1'
'164';'2';'6';'12754';'2020/1/1'
'165';'3';'6';'13527';'2020/1/1'
'166';'4';'6';'14345';'2020/1/1'
'167';'5';'6';'15212';'2020/1/1'
'168';'6';'6';'16129';'2020/1/1'
'169';'7';'6';'17101';'2020/1/1'
'170';'8';'6';'18310';'2020/1/1'
'171';'9';'6';'19561';'2020/1/1'
'172';'10';'6';'21079';'2020/1/1'
'173';'11';'6';'23778';'2020/1/1'
'174';'12';'6';'25952';'2020/1/1'
'175';'13';'6';'28356';'2020/1/1'
'176';'14';'6';'31039';'2020/1/1'
'177';'15';'6';'33991';'2020/1/1'
'178';'16';'6';'37238';'2020/1/1'
'179';'17';'6';'40810';'2020/1/1'
'180';'18';'6';'44739';'2020/1/1'
'181';'19';'6';'50608';'2020/1/1'
'182';'20';'6';'57016';'2020/1/1'
'183';'21';'6';'64226';'2020/1/1'
'184';'22';'6';'72375';'2020/1/1'
'185';'23';'6';'81635';'2020/1/1'
'186';'24';'6';'92248';'2020/1/1'
'187';'25';'6';'105162';'2020/1/1'
'188';'26';'6';'118833';'2020/1/1'
'189';'27';'6';'134281';'2020/1/1'
'190';'28';'6';'151738';'2020/1/1'
'191';'29';'6';'171464';'2020/1/1'
'192';'30';'6';'193754';'2020/1/1'
'193';'31';'6';'289669';'2020/1/1'
'194';'32';'6';'346426';'2020/1/1'
'195';'1';'7';'12143';'2020/1/1'
'196';'2';'7';'12852';'2020/1/1'
'197';'3';'7';'13631';'2020/1/1'
'198';'4';'7';'14456';'2020/1/1'
'199';'5';'7';'15329';'2020/1/1'
'200';'6';'7';'16253';'2020/1/1'
'201';'7';'7';'17231';'2020/1/1'
'202';'8';'7';'18476';'2020/1/1'
'203';'9';'7';'19725';'2020/1/1'
'204';'10';'7';'21254';'2020/1/1'
'205';'11';'7';'24082';'2020/1/1'
'206';'12';'7';'26254';'2020/1/1'
'207';'13';'7';'28688';'2020/1/1'
'208';'14';'7';'31405';'2020/1/1'
'209';'15';'7';'34393';'2020/1/1'
'210';'16';'7';'37681';'2020/1/1'
'211';'17';'7';'41296';'2020/1/1'
'212';'18';'7';'45274';'2020/1/1'
'213';'19';'7';'51410';'2020/1/1'
'214';'20';'7';'57921';'2020/1/1'
'215';'21';'7';'65249';'2020/1/1'
'216';'22';'7';'73531';'2020/1/1'
'217';'23';'7';'82967';'2020/1/1'
'218';'24';'7';'93753';'2020/1/1'
'219';'25';'7';'106879';'2020/1/1'
'220';'26';'7';'120772';'2020/1/1'
'221';'27';'7';'136473';'2020/1/1'
'222';'28';'7';'154215';'2020/1/1'
'223';'29';'7';'174262';'2020/1/1'
'224';'30';'7';'196916';'2020/1/1'
'225';'31';'7';'295327';'2020/1/1'
'226';'32';'7';'353413';'2020/1/1'
'227';'1';'8';'12244';'2020/1/1'
'228';'2';'8';'12950';'2020/1/1'
'229';'3';'8';'13736';'2020/1/1'
'230';'4';'8';'14567';'2020/1/1'
'231';'5';'8';'15446';'2020/1/1'
'232';'6';'8';'16378';'2020/1/1'
'233';'7';'8';'17364';'2020/1/1'
'234';'8';'8';'18643';'2020/1/1'
'235';'9';'8';'19890';'2020/1/1'
'236';'10';'8';'21432';'2020/1/1'
'237';'11';'8';'24391';'2020/1/1'
'238';'12';'8';'26560';'2020/1/1'
'239';'13';'8';'29025';'2020/1/1'
'240';'14';'8';'31775';'2020/1/1'
'241';'15';'8';'34801';'2020/1/1'
'242';'16';'8';'38128';'2020/1/1'
'243';'17';'8';'41789';'2020/1/1'
'244';'18';'8';'45816';'2020/1/1'
'245';'19';'8';'52224';'2020/1/1'
'246';'20';'8';'58841';'2020/1/1'
'247';'21';'8';'66289';'2020/1/1'
'248';'22';'8';'74705';'2020/1/1'
'249';'23';'8';'84321';'2020/1/1'
'250';'24';'8';'95283';'2020/1/1'
'251';'25';'8';'108623';'2020/1/1'
'252';'26';'8';'122744';'2020/1/1'
'253';'27';'8';'138701';'2020/1/1'
'254';'28';'8';'156731';'2020/1/1'
'255';'29';'8';'177107';'2020/1/1'
'256';'30';'8';'200130';'2020/1/1'
'257';'31';'8';'301095';'2020/1/1'
'258';'32';'8';'360539';'2020/1/1'
'259';'1';'1';'12034';'2021/1/1'
'260';'2';'1';'12790';'2021/1/1'
'261';'3';'1';'13572';'2021/1/1'
'262';'4';'1';'14400';'2021/1/1'
'263';'5';'1';'15275';'2021/1/1'
'264';'6';'1';'16200';'2021/1/1'
'265';'7';'1';'17179';'2021/1/1'
'266';'8';'1';'18251';'2021/1/1'
'267';'9';'1';'19552';'2021/1/1'
'268';'10';'1';'21205';'2021/1/1'
'269';'11';'1';'23877';'2021/1/1'
'270';'12';'1';'26052';'2021/1/1'
'271';'13';'1';'28276';'2021/1/1'
'272';'14';'1';'30799';'2021/1/1'
'273';'15';'1';'33575';'2021/1/1'
'274';'16';'1';'36628';'2021/1/1'
'275';'17';'1';'39986';'2021/1/1'
'276';'18';'1';'43681';'2021/1/1'
'277';'19';'1';'48313';'2021/1/1'
'278';'20';'1';'54251';'2021/1/1'
'279';'21';'1';'60901';'2021/1/1'
'280';'22';'1';'68415';'2021/1/1'
'281';'23';'1';'76907';'2021/1/1'
'282';'24';'1';'86742';'2021/1/1'
'283';'25';'1';'98886';'2021/1/1'
'284';'26';'1';'111742';'2021/1/1'
'285';'27';'1';'126267';'2021/1/1'
'286';'28';'1';'142683';'2021/1/1'
'287';'29';'1';'161231';'2021/1/1'
'288';'30';'1';'182191';'2021/1/1'
'289';'31';'1';'268121';'2021/1/1'
'290';'32';'1';'319660';'2021/1/1'
'291';'33';'1';'403620';'2021/1/1'
'292';'1';'2';'12134';'2021/1/1'
'293';'2';'2';'12888';'2021/1/1'
'294';'3';'2';'13677';'2021/1/1'
'295';'4';'2';'14511';'2021/1/1'
'296';'5';'2';'15393';'2021/1/1'
'297';'6';'2';'16325';'2021/1/1'
'298';'7';'2';'17311';'2021/1/1'
'299';'8';'2';'18417';'2021/1/1'
'300';'9';'2';'19715';'2021/1/1'
'301';'10';'2';'21382';'2021/1/1'
'302';'11';'2';'24161';'2021/1/1'
'303';'12';'2';'26336';'2021/1/1'
'304';'13';'2';'28589';'2021/1/1'
'305';'14';'2';'31143';'2021/1/1'
'306';'15';'2';'33953';'2021/1/1'
'307';'16';'2';'37044';'2021/1/1'
'308';'17';'2';'40444';'2021/1/1'
'309';'18';'2';'44184';'2021/1/1'
'310';'19';'2';'49052';'2021/1/1'
'311';'20';'2';'55085';'2021/1/1'
'312';'21';'2';'61844';'2021/1/1'
'313';'22';'2';'69481';'2021/1/1'
'314';'23';'2';'78111';'2021/1/1'
'315';'24';'2';'88158';'2021/1/1'
'316';'25';'2';'100500';'2021/1/1'
'317';'26';'2';'113565';'2021/1/1'
'318';'27';'2';'128329';'2021/1/1'
'319';'28';'2';'145011';'2021/1/1'
'320';'29';'2';'163863';'2021/1/1'
'321';'30';'2';'185165';'2021/1/1'
'322';'31';'2';'273358';'2021/1/1'
'323';'32';'2';'326107';'2021/1/1'
'324';'33';'2';'415728';'2021/1/1'
'325';'1';'3';'12236';'2021/1/1'
'326';'2';'3';'12987';'2021/1/1'
'327';'3';'3';'13781';'2021/1/1'
'328';'4';'3';'14622';'2021/1/1'
'329';'5';'3';'15511';'2021/1/1'
'330';'6';'3';'16450';'2021/1/1'
'331';'7';'3';'17444';'2021/1/1'
'332';'8';'3';'18583';'2021/1/1'
'333';'9';'3';'19880';'2021/1/1'
'334';'10';'3';'21561';'2021/1/1'
'335';'11';'3';'24450';'2021/1/1'
'336';'12';'3';'26624';'2021/1/1'
'337';'13';'3';'28905';'2021/1/1'
'338';'14';'3';'31491';'2021/1/1'
'339';'15';'3';'34336';'2021/1/1'
'340';'16';'3';'37465';'2021/1/1'
'341';'17';'3';'40907';'2021/1/1'
'342';'18';'3';'44694';'2021/1/1'
'343';'19';'3';'49803';'2021/1/1'
'344';'20';'3';'55934';'2021/1/1'
'345';'21';'3';'62803';'2021/1/1'
'346';'22';'3';'70565';'2021/1/1'
'347';'23';'3';'79336';'2021/1/1'
'348';'24';'3';'89597';'2021/1/1'
'349';'25';'3';'102140';'2021/1/1'
'350';'26';'3';'115419';'2021/1/1'
'351';'27';'3';'130423';'2021/1/1'
'352';'28';'3';'147378';'2021/1/1'
'353';'29';'3';'166537';'2021/1/1'
'354';'30';'3';'188187';'2021/1/1'
'355';'31';'3';'278697';'2021/1/1'
'356';'32';'3';'332682';'2021/1/1'
'357';'1';'4';'12339';'2021/1/1'
'358';'2';'4';'13087';'2021/1/1'
'359';'3';'4';'13888';'2021/1/1'
'360';'4';'4';'14735';'2021/1/1'
'361';'5';'4';'15630';'2021/1/1'
'362';'6';'4';'16577';'2021/1/1'
'363';'7';'4';'17578';'2021/1/1'
'364';'8';'4';'18751';'2021/1/1'
'365';'9';'4';'20046';'2021/1/1'
'366';'10';'4';'21741';'2021/1/1'
'367';'11';'4';'24742';'2021/1/1'
'368';'12';'4';'26915';'2021/1/1'
'369';'13';'4';'29225';'2021/1/1'
'370';'14';'4';'31844';'2021/1/1'
'371';'15';'4';'34724';'2021/1/1'
'372';'16';'4';'37891';'2021/1/1'
'373';'17';'4';'41376';'2021/1/1'
'374';'18';'4';'45209';'2021/1/1'
'375';'19';'4';'50566';'2021/1/1'
'376';'20';'4';'56796';'2021/1/1'
'377';'21';'4';'63777';'2021/1/1'
'378';'22';'4';'71666';'2021/1/1'
'379';'23';'4';'80583';'2021/1/1'
'380';'24';'4';'91059';'2021/1/1'
'381';'25';'4';'103808';'2021/1/1'
'382';'26';'4';'117303';'2021/1/1'
'383';'27';'4';'132552';'2021/1/1'
'384';'28';'4';'149784';'2021/1/1'
'385';'29';'4';'169256';'2021/1/1'
'386';'30';'4';'191259';'2021/1/1'
'387';'31';'4';'284140';'2021/1/1'
'388';'32';'4';'339392';'2021/1/1'
'389';'1';'5';'12442';'2021/1/1'
'390';'2';'5';'13187';'2021/1/1'
'391';'3';'5';'13995';'2021/1/1'
'392';'4';'5';'14848';'2021/1/1'
'393';'5';'5';'15750';'2021/1/1'
'394';'6';'5';'16704';'2021/1/1'
'395';'7';'5';'17713';'2021/1/1'
'396';'8';'5';'18920';'2021/1/1'
'397';'9';'5';'20214';'2021/1/1'
'398';'10';'5';'21923';'2021/1/1'
'399';'11';'5';'25038';'2021/1/1'
'400';'12';'5';'27210';'2021/1/1'
'401';'13';'5';'29550';'2021/1/1'
'402';'14';'5';'32200';'2021/1/1'
'403';'15';'5';'35116';'2021/1/1'
'404';'16';'5';'38323';'2021/1/1'
'405';'17';'5';'41851';'2021/1/1'
'406';'18';'5';'45732';'2021/1/1'
'407';'19';'5';'51342';'2021/1/1'
'408';'20';'5';'57673';'2021/1/1'
'409';'21';'5';'64768';'2021/1/1'
'410';'22';'5';'72785';'2021/1/1'
'411';'23';'5';'81899';'2021/1/1'
'412';'24';'5';'92545';'2021/1/1'
'413';'25';'5';'105502';'2021/1/1'
'414';'26';'5';'119217';'2021/1/1'
'415';'27';'5';'134715';'2021/1/1'
'416';'28';'5';'152228';'2021/1/1'
'417';'29';'5';'172018';'2021/1/1'
'418';'30';'5';'194380';'2021/1/1'
'419';'31';'5';'289691';'2021/1/1'
'420';'32';'5';'346236';'2021/1/1'
'421';'1';'6';'12545';'2021/1/1'
'422';'2';'6';'13288';'2021/1/1'
'423';'3';'6';'14101';'2021/1/1'
'424';'4';'6';'14961';'2021/1/1'
'425';'5';'6';'15871';'2021/1/1'
'426';'6';'6';'16832';'2021/1/1'
'427';'7';'6';'17849';'2021/1/1'
'428';'8';'6';'19091';'2021/1/1'
'429';'9';'6';'20382';'2021/1/1'
'430';'10';'6';'22106';'2021/1/1'
'431';'11';'6';'25339';'2021/1/1'
'432';'12';'6';'27509';'2021/1/1'
'433';'13';'6';'29878';'2021/1/1'
'434';'14';'6';'32561';'2021/1/1'
'435';'15';'6';'35513';'2021/1/1'
'436';'16';'6';'38760';'2021/1/1'
'437';'17';'6';'42332';'2021/1/1'
'438';'18';'6';'46261';'2021/1/1'
'439';'19';'6';'52130';'2021/1/1'
'440';'20';'6';'58564';'2021/1/1'
'441';'21';'6';'65774';'2021/1/1'
'442';'22';'6';'73923';'2021/1/1'
'443';'23';'6';'83235';'2021/1/1'
'444';'24';'6';'94057';'2021/1/1'
'445';'25';'6';'107224';'2021/1/1'
'446';'26';'6';'121163';'2021/1/1'
'447';'27';'6';'136914';'2021/1/1'
'448';'28';'6';'154714';'2021/1/1'
'449';'29';'6';'174826';'2021/1/1'
'450';'30';'6';'197553';'2021/1/1'
'451';'31';'6';'295349';'2021/1/1'
'452';'32';'6';'353218';'2021/1/1'
'453';'1';'7';'12651';'2021/1/1'
'454';'2';'7';'13390';'2021/1/1'
'455';'3';'7';'14210';'2021/1/1'
'456';'4';'7';'15077';'2021/1/1'
'457';'5';'7';'15993';'2021/1/1'
'458';'6';'7';'16962';'2021/1/1'
'459';'7';'7';'17985';'2021/1/1'
'460';'8';'7';'19264';'2021/1/1'
'461';'9';'7';'20553';'2021/1/1'
'462';'10';'7';'22291';'2021/1/1'
'463';'11';'7';'25643';'2021/1/1'
'464';'12';'7';'27811';'2021/1/1'
'465';'13';'7';'30210';'2021/1/1'
'466';'14';'7';'32927';'2021/1/1'
'467';'15';'7';'35915';'2021/1/1'
'468';'16';'7';'39203';'2021/1/1'
'469';'17';'7';'42818';'2021/1/1'
'470';'18';'7';'46796';'2021/1/1'
'471';'19';'7';'52932';'2021/1/1'
'472';'20';'7';'59469';'2021/1/1'
'473';'21';'7';'66797';'2021/1/1'
'474';'22';'7';'75079';'2021/1/1'
'475';'23';'7';'84594';'2021/1/1'
'476';'24';'7';'95592';'2021/1/1'
'477';'25';'7';'108974';'2021/1/1'
'478';'26';'7';'123140';'2021/1/1'
'479';'27';'7';'139149';'2021/1/1'
'480';'28';'7';'157239';'2021/1/1'
'481';'29';'7';'177679';'2021/1/1'
'482';'30';'7';'200777';'2021/1/1'
'483';'31';'7';'301117';'2021/1/1'
'484';'32';'7';'360342';'2021/1/1'
'485';'1';'8';'12756';'2021/1/1'
'486';'2';'8';'13493';'2021/1/1'
'487';'3';'8';'14319';'2021/1/1'
'488';'4';'8';'15192';'2021/1/1'
'489';'5';'8';'16115';'2021/1/1'
'490';'6';'8';'17092';'2021/1/1'
'491';'7';'8';'18124';'2021/1/1'
'492';'8';'8';'19438';'2021/1/1'
'493';'9';'8';'20725';'2021/1/1'
'494';'10';'8';'22477';'2021/1/1'
'495';'11';'8';'25952';'2021/1/1'
'496';'12';'8';'28117';'2021/1/1'
'497';'13';'8';'30547';'2021/1/1'
'498';'14';'8';'33297';'2021/1/1'
'499';'15';'8';'36323';'2021/1/1'
'500';'16';'8';'39650';'2021/1/1'
'501';'17';'8';'43311';'2021/1/1'
'502';'18';'8';'47338';'2021/1/1'
'503';'19';'8';'53746';'2021/1/1'
'504';'20';'8';'60389';'2021/1/1'
'505';'21';'8';'67837';'2021/1/1'
'506';'22';'8';'76253';'2021/1/1'
'507';'23';'8';'85975';'2021/1/1'
'508';'24';'8';'97152';'2021/1/1'
'509';'25';'8';'110753';'2021/1/1'
'510';'26';'8';'125150';'2021/1/1'
'511';'27';'8';'141420';'2021/1/1'
'512';'28';'8';'159804';'2021/1/1'
'513';'29';'8';'180579';'2021/1/1'
'514';'30';'8';'204054';'2021/1/1'
'515';'31';'8';'306999';'2021/1/1'
'516';'32';'8';'367609';'2021/1/1'
'517';'1';'1';'12517';'2022/1/1'
'518';'2';'1';'13305';'2022/1/1'
'519';'3';'1';'14125';'2022/1/1'
'520';'4';'1';'14993';'2022/1/1'
'521';'5';'1';'15909';'2022/1/1'
'522';'6';'1';'16877';'2022/1/1'
'523';'7';'1';'17899';'2022/1/1'
'524';'8';'1';'18998';'2022/1/1'
'525';'9';'1';'20340';'2022/1/1'
'526';'10';'1';'22190';'2022/1/1'
'527';'11';'1';'25439';'2022/1/1'
'528';'12';'1';'27608';'2022/1/1'
'529';'13';'1';'29798';'2022/1/1'
'530';'14';'1';'32321';'2022/1/1'
'531';'15';'1';'35097';'2022/1/1'
'532';'16';'1';'38150';'2022/1/1'
'533';'17';'1';'41508';'2022/1/1'
'534';'18';'1';'45203';'2022/1/1'
'535';'19';'1';'49835';'2022/1/1'
'536';'20';'1';'55799';'2022/1/1'
'537';'21';'1';'62449';'2022/1/1'
'538';'22';'1';'69963';'2022/1/1'
'539';'23';'1';'78455';'2022/1/1'
'540';'24';'1';'88410';'2022/1/1'
'541';'25';'1';'100788';'2022/1/1'
'542';'26';'1';'113891';'2022/1/1'
'543';'27';'1';'128696';'2022/1/1'
'544';'28';'1';'145427';'2022/1/1'
'545';'29';'1';'164332';'2022/1/1'
'546';'30';'1';'185695';'2022/1/1'
'547';'31';'1';'273278';'2022/1/1'
'548';'32';'1';'325807';'2022/1/1'
'549';'33';'1';'411382';'2022/1/1'
'550';'1';'2';'12621';'2022/1/1'
'551';'2';'2';'13406';'2022/1/1'
'552';'3';'2';'14234';'2022/1/1'
'553';'4';'2';'15109';'2022/1/1'
'554';'5';'2';'16032';'2022/1/1'
'555';'6';'2';'17007';'2022/1/1'
'556';'7';'2';'18037';'2022/1/1'
'557';'8';'2';'19170';'2022/1/1'
'558';'9';'2';'20509';'2022/1/1'
'559';'10';'2';'22376';'2022/1/1'
'560';'11';'2';'25723';'2022/1/1'
'561';'12';'2';'27892';'2022/1/1'
'562';'13';'2';'30111';'2022/1/1'
'563';'14';'2';'32665';'2022/1/1'
'564';'15';'2';'35475';'2022/1/1'
'565';'16';'2';'38566';'2022/1/1'
'566';'17';'2';'41966';'2022/1/1'
'567';'18';'2';'45706';'2022/1/1'
'568';'19';'2';'50574';'2022/1/1'
'569';'20';'2';'56633';'2022/1/1'
'570';'21';'2';'63392';'2022/1/1'
'571';'22';'2';'71029';'2022/1/1'
'572';'23';'2';'79659';'2022/1/1'
'573';'24';'2';'89853';'2022/1/1'
'574';'25';'2';'102433';'2022/1/1'
'575';'26';'2';'115749';'2022/1/1'
'576';'27';'2';'130797';'2022/1/1'
'577';'28';'2';'147800';'2022/1/1'
'578';'29';'2';'167015';'2022/1/1'
'579';'30';'2';'188726';'2022/1/1'
'580';'31';'2';'278615';'2022/1/1'
'581';'32';'2';'332378';'2022/1/1'
'582';'33';'2';'423723';'2022/1/1'
'583';'1';'3';'12728';'2022/1/1'
'584';'2';'3';'13509';'2022/1/1'
'585';'3';'3';'14343';'2022/1/1'
'586';'4';'3';'15224';'2022/1/1'
'587';'5';'3';'16155';'2022/1/1'
'588';'6';'3';'17137';'2022/1/1'
'589';'7';'3';'18176';'2022/1/1'
'590';'8';'3';'19343';'2022/1/1'
'591';'9';'3';'20681';'2022/1/1'
'592';'10';'3';'22563';'2022/1/1'
'593';'11';'3';'26012';'2022/1/1'
'594';'12';'3';'28180';'2022/1/1'
'595';'13';'3';'30427';'2022/1/1'
'596';'14';'3';'33013';'2022/1/1'
'597';'15';'3';'35858';'2022/1/1'
'598';'16';'3';'38987';'2022/1/1'
'599';'17';'3';'42429';'2022/1/1'
'600';'18';'3';'46216';'2022/1/1'
'601';'19';'3';'51325';'2022/1/1'
'602';'20';'3';'57482';'2022/1/1'
'603';'21';'3';'64351';'2022/1/1'
'604';'22';'3';'72113';'2022/1/1'
'605';'23';'3';'80884';'2022/1/1'
'606';'24';'3';'91320';'2022/1/1'
'607';'25';'3';'104105';'2022/1/1'
'608';'26';'3';'117639';'2022/1/1'
'609';'27';'3';'132931';'2022/1/1'
'610';'28';'3';'150213';'2022/1/1'
'611';'29';'3';'169740';'2022/1/1'
'612';'30';'3';'191806';'2022/1/1'
'613';'31';'3';'284057';'2022/1/1'
'614';'32';'3';'339080';'2022/1/1'
'615';'1';'4';'12834';'2022/1/1'
'616';'2';'4';'13613';'2022/1/1'
'617';'3';'4';'14454';'2022/1/1'
'618';'4';'4';'15341';'2022/1/1'
'619';'5';'4';'16279';'2022/1/1'
'620';'6';'4';'17269';'2022/1/1'
'621';'7';'4';'18315';'2022/1/1'
'622';'8';'4';'19518';'2022/1/1'
'623';'9';'4';'20854';'2022/1/1'
'624';'10';'4';'22752';'2022/1/1'
'625';'11';'4';'26304';'2022/1/1'
'626';'12';'4';'28471';'2022/1/1'
'627';'13';'4';'30747';'2022/1/1'
'628';'14';'4';'33366';'2022/1/1'
'629';'15';'4';'36246';'2022/1/1'
'630';'16';'4';'39413';'2022/1/1'
'631';'17';'4';'42898';'2022/1/1'
'632';'18';'4';'46731';'2022/1/1'
'633';'19';'4';'52088';'2022/1/1'
'634';'20';'4';'58344';'2022/1/1'
'635';'21';'4';'65325';'2022/1/1'
'636';'22';'4';'73214';'2022/1/1'
'637';'23';'4';'82133';'2022/1/1'
'638';'24';'4';'92810';'2022/1/1'
'639';'25';'4';'105804';'2022/1/1'
'640';'26';'4';'119558';'2022/1/1'
'641';'27';'4';'135101';'2022/1/1'
'642';'28';'4';'152664';'2022/1/1'
'643';'29';'4';'172511';'2022/1/1'
'644';'30';'4';'194937';'2022/1/1'
'645';'31';'4';'289605';'2022/1/1'
'646';'32';'4';'345918';'2022/1/1'
'647';'1';'5';'12941';'2022/1/1'
'648';'2';'5';'13718';'2022/1/1'
'649';'3';'5';'14565';'2022/1/1'
'650';'4';'5';'15459';'2022/1/1'
'651';'5';'5';'16404';'2022/1/1'
'652';'6';'5';'17402';'2022/1/1'
'653';'7';'5';'18455';'2022/1/1'
'654';'8';'5';'19694';'2022/1/1'
'655';'9';'5';'21029';'2022/1/1'
'656';'10';'5';'22942';'2022/1/1'
'657';'11';'5';'26600';'2022/1/1'
'658';'12';'5';'28766';'2022/1/1'
'659';'13';'5';'31072';'2022/1/1'
'660';'14';'5';'33722';'2022/1/1'
'661';'15';'5';'36638';'2022/1/1'
'662';'16';'5';'39845';'2022/1/1'
'663';'17';'5';'43373';'2022/1/1'
'664';'18';'5';'47254';'2022/1/1'
'665';'19';'5';'52864';'2022/1/1'
'666';'20';'5';'59221';'2022/1/1'
'667';'21';'5';'66316';'2022/1/1'
'668';'22';'5';'74333';'2022/1/1'
'669';'23';'5';'83474';'2022/1/1'
'670';'24';'5';'94325';'2022/1/1'
'671';'25';'5';'107531';'2022/1/1'
'672';'26';'5';'121510';'2022/1/1'
'673';'27';'5';'137306';'2022/1/1'
'674';'28';'5';'155155';'2022/1/1'
'675';'29';'5';'175326';'2022/1/1'
'676';'30';'5';'198118';'2022/1/1'
'677';'31';'5';'295262';'2022/1/1'
'678';'32';'5';'352894';'2022/1/1'
'679';'1';'6';'13049';'2022/1/1'
'680';'2';'6';'13823';'2022/1/1'
'681';'3';'6';'14676';'2022/1/1'
'682';'4';'6';'15577';'2022/1/1'
'683';'5';'6';'16530';'2022/1/1'
'684';'6';'6';'17535';'2022/1/1'
'685';'7';'6';'18598';'2022/1/1'
'686';'8';'6';'19872';'2022/1/1'
'687';'9';'6';'21204';'2022/1/1'
'688';'10';'6';'23134';'2022/1/1'
'689';'11';'6';'26901';'2022/1/1'
'690';'12';'6';'29065';'2022/1/1'
'691';'13';'6';'31400';'2022/1/1'
'692';'14';'6';'34083';'2022/1/1'
'693';'15';'6';'37035';'2022/1/1'
'694';'16';'6';'40282';'2022/1/1'
'695';'17';'6';'43854';'2022/1/1'
'696';'18';'6';'47783';'2022/1/1'
'697';'19';'6';'53652';'2022/1/1'
'698';'20';'6';'60112';'2022/1/1'
'699';'21';'6';'67322';'2022/1/1'
'700';'22';'6';'75471';'2022/1/1'
'701';'23';'6';'84836';'2022/1/1'
'702';'24';'6';'95865';'2022/1/1'
'703';'25';'6';'109286';'2022/1/1'
'704';'26';'6';'123493';'2022/1/1'
'705';'27';'6';'139547';'2022/1/1'
'706';'28';'6';'157689';'2022/1/1'
'707';'29';'6';'178188';'2022/1/1'
'708';'30';'6';'201352';'2022/1/1'
'709';'31';'6';'301028';'2022/1/1'
'710';'32';'6';'360011';'2022/1/1'
'711';'1';'7';'13159';'2022/1/1'
'712';'2';'7';'13929';'2022/1/1'
'713';'3';'7';'14790';'2022/1/1'
'714';'4';'7';'15698';'2022/1/1'
'715';'5';'7';'16657';'2022/1/1'
'716';'6';'7';'17670';'2022/1/1'
'717';'7';'7';'18740';'2022/1/1'
'718';'8';'7';'20052';'2022/1/1'
'719';'9';'7';'21382';'2022/1/1'
'720';'10';'7';'23327';'2022/1/1'
'721';'11';'7';'27205';'2022/1/1'
'722';'12';'7';'29367';'2022/1/1'
'723';'13';'7';'31732';'2022/1/1'
'724';'14';'7';'34449';'2022/1/1'
'725';'15';'7';'37437';'2022/1/1'
'726';'16';'7';'40725';'2022/1/1'
'727';'17';'7';'44340';'2022/1/1'
'728';'18';'7';'48318';'2022/1/1'
'729';'19';'7';'54454';'2022/1/1'
'730';'20';'7';'61017';'2022/1/1'
'731';'21';'7';'68345';'2022/1/1'
'732';'22';'7';'76627';'2022/1/1'
'733';'23';'7';'86220';'2022/1/1'
'734';'24';'7';'97430';'2022/1/1'
'735';'25';'7';'111070';'2022/1/1'
'736';'26';'7';'125508';'2022/1/1'
'737';'27';'7';'141825';'2022/1/1'
'738';'28';'7';'160262';'2022/1/1'
'739';'29';'7';'181096';'2022/1/1'
'740';'30';'7';'204638';'2022/1/1'
'741';'31';'7';'306908';'2022/1/1'
'742';'32';'7';'367272';'2022/1/1'
'743';'1';'8';'13268';'2022/1/1'
'744';'2';'8';'14035';'2022/1/1'
'745';'3';'8';'14903';'2022/1/1'
'746';'4';'8';'15818';'2022/1/1'
'747';'5';'8';'16784';'2022/1/1'
'748';'6';'8';'17806';'2022/1/1'
'749';'7';'8';'18884';'2022/1/1'
'750';'8';'8';'20233';'2022/1/1'
'751';'9';'8';'21561';'2022/1/1'
'752';'10';'8';'23522';'2022/1/1'
'753';'11';'8';'27514';'2022/1/1'
'754';'12';'8';'29673';'2022/1/1'
'755';'13';'8';'32069';'2022/1/1'
'756';'14';'8';'34819';'2022/1/1'
'757';'15';'8';'37845';'2022/1/1'
'758';'16';'8';'41172';'2022/1/1'
'759';'17';'8';'44833';'2022/1/1'
'760';'18';'8';'48860';'2022/1/1'
'761';'19';'8';'55268';'2022/1/1'
'762';'20';'8';'61937';'2022/1/1'
'763';'21';'8';'69385';'2022/1/1'
'764';'22';'8';'77801';'2022/1/1'
'765';'23';'8';'87628';'2022/1/1'
'766';'24';'8';'99020';'2022/1/1'
'767';'25';'8';'112883';'2022/1/1'
'768';'26';'8';'127557';'2022/1/1'
'769';'27';'8';'144140';'2022/1/1'
'770';'28';'8';'162877';'2022/1/1'
'771';'29';'8';'184052';'2022/1/1'
'772';'30';'8';'207978';'2022/1/1'
'773';'31';'8';'312902';'2022/1/1'
'774';'32';'8';'374678';'2022/1/1'
'775';'1';'1';'13000';'2023/1/1'
'776';'2';'1';'13819';'2023/1/1'
'777';'3';'1';'14678';'2023/1/1'
'778';'4';'1';'15586';'2023/1/1'
'779';'5';'1';'16543';'2023/1/1'
'780';'6';'1';'17553';'2023/1/1'
'781';'7';'1';'18620';'2023/1/1'
'782';'8';'1';'19744';'2023/1/1'
'783';'9';'1';'21129';'2023/1/1'
'784';'10';'1';'23176';'2023/1/1'
'785';'11';'1';'27000';'2023/1/1'
'786';'12';'1';'29165';'2023/1/1'
'787';'13';'1';'31320';'2023/1/1'
'788';'14';'1';'33843';'2023/1/1'
'789';'15';'1';'36619';'2023/1/1'
'790';'16';'1';'39672';'2023/1/1'
'791';'17';'1';'43030';'2023/1/1'
'792';'18';'1';'46725';'2023/1/1'
'793';'19';'1';'51357';'2023/1/1'
'794';'20';'1';'57347';'2023/1/1'
'795';'21';'1';'63997';'2023/1/1'
'796';'22';'1';'71511';'2023/1/1'
'797';'23';'1';'80003';'2023/1/1'
'798';'24';'1';'90078';'2023/1/1'
'799';'25';'1';'102690';'2023/1/1'
'800';'26';'1';'116040';'2023/1/1'
'801';'27';'1';'131124';'2023/1/1'
'802';'28';'1';'148171';'2023/1/1'
'803';'29';'1';'167432';'2023/1/1'
'804';'30';'1';'189199';'2023/1/1'
'805';'31';'1';'278434';'2023/1/1'
'806';'32';'1';'331954';'2023/1/1'
'807';'33';'1';'419144';'2023/1/1'
'808';'1';'2';'13109';'2023/1/1'
'809';'2';'2';'13925';'2023/1/1'
'810';'3';'2';'14792';'2023/1/1'
'811';'4';'2';'15706';'2023/1/1'
'812';'5';'2';'16671';'2023/1/1'
'813';'6';'2';'17688';'2023/1/1'
'814';'7';'2';'18763';'2023/1/1'
'815';'8';'2';'19923';'2023/1/1'
'816';'9';'2';'21304';'2023/1/1'
'817';'10';'2';'23370';'2023/1/1'
'818';'11';'2';'27284';'2023/1/1'
'819';'12';'2';'29449';'2023/1/1'
'820';'13';'2';'31633';'2023/1/1'
'821';'14';'2';'34187';'2023/1/1'
'822';'15';'2';'36997';'2023/1/1'
'823';'16';'2';'40088';'2023/1/1'
'824';'17';'2';'43488';'2023/1/1'
'825';'18';'2';'47228';'2023/1/1'
'826';'19';'2';'52096';'2023/1/1'
'827';'20';'2';'58181';'2023/1/1'
'828';'21';'2';'64940';'2023/1/1'
'829';'22';'2';'72577';'2023/1/1'
'830';'23';'2';'81207';'2023/1/1'
'831';'24';'2';'91548';'2023/1/1'
'832';'25';'2';'104366';'2023/1/1'
'833';'26';'2';'117933';'2023/1/1'
'834';'27';'2';'133264';'2023/1/1'
'835';'28';'2';'150589';'2023/1/1'
'836';'29';'2';'170166';'2023/1/1'
'837';'30';'2';'192286';'2023/1/1'
'838';'31';'2';'283872';'2023/1/1'
'839';'32';'2';'338649';'2023/1/1'
'840';'33';'2';'431718';'2023/1/1'
'841';'1';'3';'13219';'2023/1/1'
'842';'2';'3';'14032';'2023/1/1'
'843';'3';'3';'14905';'2023/1/1'
'844';'4';'3';'15827';'2023/1/1'
'845';'5';'3';'16799';'2023/1/1'
'846';'6';'3';'17824';'2023/1/1'
'847';'7';'3';'18907';'2023/1/1'
'848';'8';'3';'20104';'2023/1/1'
'849';'9';'3';'21483';'2023/1/1'
'850';'10';'3';'23565';'2023/1/1'
'851';'11';'3';'27573';'2023/1/1'
'852';'12';'3';'29737';'2023/1/1'
'853';'13';'3';'31949';'2023/1/1'
'854';'14';'3';'34535';'2023/1/1'
'855';'15';'3';'37380';'2023/1/1'
'856';'16';'3';'40509';'2023/1/1'
'857';'17';'3';'43951';'2023/1/1'
'858';'18';'3';'47738';'2023/1/1'
'859';'19';'3';'52847';'2023/1/1'
'860';'20';'3';'59030';'2023/1/1'
'861';'21';'3';'65899';'2023/1/1'
'862';'22';'3';'73661';'2023/1/1'
'863';'23';'3';'82432';'2023/1/1'
'864';'24';'3';'93043';'2023/1/1'
'865';'25';'3';'106069';'2023/1/1'
'866';'26';'3';'119858';'2023/1/1'
'867';'27';'3';'135440';'2023/1/1'
'868';'28';'3';'153047';'2023/1/1'
'869';'29';'3';'172943';'2023/1/1'
'870';'30';'3';'195425';'2023/1/1'
'871';'31';'3';'289416';'2023/1/1'
'872';'32';'3';'345478';'2023/1/1'
'873';'1';'4';'13329';'2023/1/1'
'874';'2';'4';'14140';'2023/1/1'
'875';'3';'4';'15020';'2023/1/1'
'876';'4';'4';'15948';'2023/1/1'
'877';'5';'4';'16928';'2023/1/1'
'878';'6';'4';'17962';'2023/1/1'
'879';'7';'4';'19053';'2023/1/1'
'880';'8';'4';'20285';'2023/1/1'
'881';'9';'4';'21663';'2023/1/1'
'882';'10';'4';'23762';'2023/1/1'
'883';'11';'4';'27865';'2023/1/1'
'884';'12';'4';'30028';'2023/1/1'
'885';'13';'4';'32269';'2023/1/1'
'886';'14';'4';'34888';'2023/1/1'
'887';'15';'4';'37768';'2023/1/1'
'888';'16';'4';'40935';'2023/1/1'
'889';'17';'4';'44420';'2023/1/1'
'890';'18';'4';'48253';'2023/1/1'
'891';'19';'4';'53610';'2023/1/1'
'892';'20';'4';'59892';'2023/1/1'
'893';'21';'4';'66873';'2023/1/1'
'894';'22';'4';'74762';'2023/1/1'
'895';'23';'4';'83683';'2023/1/1'
'896';'24';'4';'94562';'2023/1/1'
'897';'25';'4';'107800';'2023/1/1'
'898';'26';'4';'121814';'2023/1/1'
'899';'27';'4';'137650';'2023/1/1'
'900';'28';'4';'155545';'2023/1/1'
'901';'29';'4';'175766';'2023/1/1'
'902';'30';'4';'198615';'2023/1/1'
'903';'31';'4';'295069';'2023/1/1'
'904';'32';'4';'352445';'2023/1/1'
'905';'1';'5';'13441';'2023/1/1'
'906';'2';'5';'14248';'2023/1/1'
'907';'3';'5';'15136';'2023/1/1'
'908';'4';'5';'16071';'2023/1/1'
'909';'5';'5';'17057';'2023/1/1'
'910';'6';'5';'18100';'2023/1/1'
'911';'7';'5';'19198';'2023/1/1'
'912';'8';'5';'20468';'2023/1/1'
'913';'9';'5';'21844';'2023/1/1'
'914';'10';'5';'23961';'2023/1/1'
'915';'11';'5';'28161';'2023/1/1'
'916';'12';'5';'30323';'2023/1/1'
'917';'13';'5';'32594';'2023/1/1'
'918';'14';'5';'35244';'2023/1/1'
'919';'15';'5';'38160';'2023/1/1'
'920';'16';'5';'41367';'2023/1/1'
'921';'17';'5';'44895';'2023/1/1'
'922';'18';'5';'48776';'2023/1/1'
'923';'19';'5';'54386';'2023/1/1'
'924';'20';'5';'60769';'2023/1/1'
'925';'21';'5';'67864';'2023/1/1'
'926';'22';'5';'75881';'2023/1/1'
'927';'23';'5';'85049';'2023/1/1'
'928';'24';'5';'96105';'2023/1/1'
'929';'25';'5';'109560';'2023/1/1'
'930';'26';'5';'123803';'2023/1/1'
'931';'27';'5';'139897';'2023/1/1'
'932';'28';'5';'158083';'2023/1/1'
'933';'29';'5';'178634';'2023/1/1'
'934';'30';'5';'201856';'2023/1/1'
'935';'31';'5';'300833';'2023/1/1'
'936';'32';'5';'359553';'2023/1/1'
'937';'1';'6';'13553';'2023/1/1'
'938';'2';'6';'14357';'2023/1/1'
'939';'3';'6';'15251';'2023/1/1'
'940';'4';'6';'16193';'2023/1/1'
'941';'5';'6';'17189';'2023/1/1'
'942';'6';'6';'18238';'2023/1/1'
'943';'7';'6';'19346';'2023/1/1'
'944';'8';'6';'20653';'2023/1/1'
'945';'9';'6';'22026';'2023/1/1'
'946';'10';'6';'24161';'2023/1/1'
'947';'11';'6';'28462';'2023/1/1'
'948';'12';'6';'30622';'2023/1/1'
'949';'13';'6';'32922';'2023/1/1'
'950';'14';'6';'35605';'2023/1/1'
'951';'15';'6';'38557';'2023/1/1'
'952';'16';'6';'41804';'2023/1/1'
'953';'17';'6';'45376';'2023/1/1'
'954';'18';'6';'49305';'2023/1/1'
'955';'19';'6';'55174';'2023/1/1'
'956';'20';'6';'61660';'2023/1/1'
'957';'21';'6';'68870';'2023/1/1'
'958';'22';'6';'77019';'2023/1/1'
'959';'23';'6';'86437';'2023/1/1'
'960';'24';'6';'97674';'2023/1/1'
'961';'25';'6';'111348';'2023/1/1'
'962';'26';'6';'125823';'2023/1/1'
'963';'27';'6';'142180';'2023/1/1'
'964';'28';'6';'160664';'2023/1/1'
'965';'29';'6';'181550';'2023/1/1'
'966';'30';'6';'205151';'2023/1/1'
'967';'31';'6';'306708';'2023/1/1'
'968';'32';'6';'366804';'2023/1/1'
'969';'1';'7';'13666';'2023/1/1'
'970';'2';'7';'14468';'2023/1/1'
'971';'3';'7';'15369';'2023/1/1'
'972';'4';'7';'16318';'2023/1/1'
'973';'5';'7';'17321';'2023/1/1'
'974';'6';'7';'18379';'2023/1/1'
'975';'7';'7';'19494';'2023/1/1'
'976';'8';'7';'20840';'2023/1/1'
'977';'9';'7';'22210';'2023/1/1'
'978';'10';'7';'24363';'2023/1/1'
'979';'11';'7';'28766';'2023/1/1'
'980';'12';'7';'30924';'2023/1/1'
'981';'13';'7';'33254';'2023/1/1'
'982';'14';'7';'35971';'2023/1/1'
'983';'15';'7';'38959';'2023/1/1'
'984';'16';'7';'42247';'2023/1/1'
'985';'17';'7';'45862';'2023/1/1'
'986';'18';'7';'49840';'2023/1/1'
'987';'19';'7';'55976';'2023/1/1'
'988';'20';'7';'62565';'2023/1/1'
'989';'21';'7';'69893';'2023/1/1'
'990';'22';'7';'78175';'2023/1/1'
'991';'23';'7';'87847';'2023/1/1'
'992';'24';'7';'99268';'2023/1/1'
'993';'25';'7';'113166';'2023/1/1'
'994';'26';'7';'127876';'2023/1/1'
'995';'27';'7';'144501';'2023/1/1'
'996';'28';'7';'163286';'2023/1/1'
'997';'29';'7';'184513';'2023/1/1'
'998';'30';'7';'208499';'2023/1/1'
'999';'31';'7';'312699';'2023/1/1'
'1000';'32';'7';'374202';'2023/1/1'
'1001';'1';'8';'13780';'2023/1/1'
'1002';'2';'8';'14578';'2023/1/1'
'1003';'3';'8';'15486';'2023/1/1'
'1004';'4';'8';'16443';'2023/1/1'
'1005';'5';'8';'17453';'2023/1/1'
'1006';'6';'8';'18520';'2023/1/1'
'1007';'7';'8';'19644';'2023/1/1'
'1008';'8';'8';'21029';'2023/1/1'
'1009';'9';'8';'22396';'2023/1/1'
'1010';'10';'8';'24567';'2023/1/1'
'1011';'11';'8';'29075';'2023/1/1'
'1012';'12';'8';'31230';'2023/1/1'
'1013';'13';'8';'33591';'2023/1/1'
'1014';'14';'8';'36341';'2023/1/1'
'1015';'15';'8';'39367';'2023/1/1'
'1016';'16';'8';'42694';'2023/1/1'
'1017';'17';'8';'46355';'2023/1/1'
'1018';'18';'8';'50382';'2023/1/1'
'1019';'19';'8';'56790';'2023/1/1'
'1020';'20';'8';'63485';'2023/1/1'
'1021';'21';'8';'70933';'2023/1/1'
'1022';'22';'8';'79349';'2023/1/1'
'1023';'23';'8';'89281';'2023/1/1'
'1024';'24';'8';'100888';'2023/1/1'
'1025';'25';'8';'115012';'2023/1/1'
'1026';'26';'8';'129964';'2023/1/1'
'1027';'27';'8';'146859';'2023/1/1'
'1028';'28';'8';'165951';'2023/1/1'
'1029';'29';'8';'187525';'2023/1/1'
'1030';'30';'8';'211902';'2023/1/1'
'1031';'31';'8';'318806';'2023/1/1'
'1032';'32';'8';'381748';'2023/1/1'
